"site","region","apn","product","part_description","sto_class","req_number","req_qty","req_date","days_open"
"BWI2","EU","10043","USP","PLC, CONTROLLER,PROGRAMMABLE:2-1/2 INHT,3-1/2 INWD,1-1/2 INDP,24 V DCVOLT,2.6 MACURRE","02 MED","31219","2.0","2015-05-12","4098"
"BWI2","EU","10086","USP","WASHER: CAPTURE CTM PM-FANU30375","03 LOW","31219","14.0","2015-05-12","4098"
"BWI2","EU","10087","USP","THREADED INSERT CTM C-PM-INS1010","03 LOW","31219","14.0","2015-05-12","4098"
"BWI2","EU","10090","USP","Shoulder Screw,18-8 Stainless Steel,3/8"""" Shoulder Dia., 1"""" Shoulder Length,5/16-18 Thread,PK2","02 MED","31219","13.0","2015-05-12","4098"
"ORF3","NA","N24793","USP","Slim Electromechanical Relay, SPDT, 6A,24VDC, PCB Terminal, 34 Series","01 HIGH","1273472","4.0","2024-11-30","608"
"PVD2","NA","10043","USP","PLC, CONTROLLER,PROGRAMMABLE:2-1/2 INHT,3-1/2 INWD,1-1/2 INDP,24 V DCVOLT,2.6 MACURRE","02 MED","1371373","1.0","2025-04-07","480"
"PVD2","NA","N37843","USP","REWIND CONTROL/POWER ON RELAY FOR 3600A APPLICATORS - PE-RE1017","02 MED","1371373","1.0","2025-04-07","480"
"SHV1","NA","10049258","URL","SITOP SEL1200 SELECTIVITY MODULE 8-CHANNEL SWITCHING CHARACTERISTIC INPUT","02 MED","1432724","5.0","2025-06-12","414"
"SHV1","NA","3129296","URL","AUX CONTACT BLOCK","03 LOW","1473913","4.0","2025-07-24","372"
"PVD2","NA","54023","USP","TAPER-LOCK BUSHING, 1610 20MM BORE","02 MED","1480918","2.0","2025-08-01","364"
"DAB2","NA","3043407","USP","SICK IME2S Series Non-Flush Inductive Non-Contact Safety Switch, 24V dc, Nickel Plated Brass Housing, 2NO, M12","02 MED","1529474","2.0","2025-09-19","315"
"SHV1","NA","1124470","URL","SENSOR AMPLIFIER, LASER THRUBEAM, M8, PNP, KEYENCE","02 MED","1557578","3.0","2025-10-15","289"
"SHV1","NA","3129289","URL","O RING, 10026407 BS1806-020 VMQ70","02 MED","1572384","372.0","2025-10-29","275"
"ORF4","NA","1060925","USP","RING-GRIP QUICK-RELEASE PIN","02 MED","1582063","4.0","2025-11-06","267"
"ORF4","NA","3008745","URL","BOARD 200041062","02 MED","1585700","1.0","2025-11-10","263"
"SHV1","NA","N27503","URL","RED DGE 23Q20L14","02 MED","1586206","2.0","2025-11-10","263"
"SHV1","NA","C-2855","EcoPac","PHOTOCEL S45-PH-5-B03-PH","02 MED","1589660","1.0","2025-11-13","260"
"PVD2","NA","49344","USP","Zebra ZE52163-R010000Z Print Engine","02 MED","1618827","1.0","2025-12-08","235"
"ORF4","NA","3008709","URL","Tube guide roller incl. bearings","02 MED","1619797","1.0","2025-12-09","234"
"ORF4","NA","3008776","URL","Tube guide roller Shaft","02 MED","1619797","1.0","2025-12-09","234"
"ORF3","NA","N12270","USP","SMC Speed Control Valve: Elbow Fitting, Knob, 1/4 in/1/8 in Valve Body Size, 1/4 in Tube, Meter Out","02 MED","1621999","4.0","2025-12-10","233"
"SHV1","NA","N54020","USP","STOPPER BOLT, M6X1.0, L 20MM, WITH HEX SOCKET TIP, STRAIGHT TYPE, BUMPER URETHAN","02 MED","1622470","1.0","2025-12-11","232"
"ORF4","NA","3040796","EcoPac","SHARE 770X8X8","02 MED","1626500","1.0","2025-12-15","228"
"ORF4","NA","3077267","URL","P6 ROBOT ARM ASSEMBLY","02 MED","1626499","1.0","2025-12-15","228"
"SHV1","NA","3316632","URL","PLUNGER_SPRING","01 HIGH","1634582","28.0","2025-12-20","223"
"ORF4","NA","3129354","URL","USB TO SERIAL CABLE","02 MED","1635439","2.0","2025-12-22","221"
"ORF4","NA","1002613","USP","VALVE, CHECK VALVE,ASSEMBLY:FLOW CONTROL W/ PILOT CHECK VALVE 1/4 TUBE WITH1/8 T","02 MED","1639804","1.0","2025-12-26","217"
"ORF4","NA","10043","USP","PLC, CONTROLLER,PROGRAMMABLE:2-1/2 INHT,3-1/2 INWD,1-1/2 INDP,24 V DCVOLT,2.6 MACURRE","02 MED","1641614","2.0","2025-12-29","214"
"SHV1","NA","3129368","URL","SERVO CONTROL MODULE","02 MED","1660396","5.0","2026-01-15","197"
"SHV1","NA","3129313","URL","2500VA 480/115VAC TRANSFORMER","02 MED","1662883","3.0","2026-01-16","196"
"TLH2","NA","49344","USP","Zebra ZE52163-R010000Z Print Engine","01 HIGH","1665563","1.0","2026-01-20","192"
"SAN3","NA","3031139","USP","RIGHT HORIZONTAL HEATER CABLE","02 MED","1670435","8.0","2026-01-23","189"
"ELP1","NA","1002613","USP","VALVE, CHECK VALVE,ASSEMBLY:FLOW CONTROL W/ PILOT CHECK VALVE 1/4 TUBE WITH1/8 T","02 MED","1674075","2.0","2026-01-27","185"
"ELP1","NA","10076","USP","UNWIND DANCER ARM UNWIND SPRING","02 MED","1674075","2.0","2026-01-27","185"
"ELP1","NA","10086","USP","WASHER: CAPTURE CTM PM-FANU30375","03 LOW","1674075","2.0","2026-01-27","185"
"ELP1","NA","10087","USP","THREADED INSERT CTM C-PM-INS1010","03 LOW","1674075","2.0","2026-01-27","185"
"ELP1","NA","10090","USP","Shoulder Screw,18-8 Stainless Steel,3/8"""" Shoulder Dia., 1"""" Shoulder Length,5/16-18 Thread,PK2","02 MED","1674075","3.0","2026-01-27","185"
"ELP1","NA","10096","USP","WASHER: THRUST, BRONZE","03 LOW","1674075","3.0","2026-01-27","185"
"ELP1","NA","10191","USP","THRUST BALL BEARING, 3/4"" ID X 1-5/16"" OD X 9/32"" HT., STEEL","02 MED","1674075","2.0","2026-01-27","185"
"ELP1","NA","1073001","USP","3600 TAMP or SWING HOME SENSOR ASSEMBLY without MOUNT","02 MED","1674075","2.0","2026-01-27","185"
"ELP1","NA","11082","USP","SMART PACK FILTER REPLACEMENT  (PID)","02 MED","1674075","2.0","2026-01-27","185"
"ELP1","NA","1113249","USP","URGU48R1-04090N","02 MED","1674075","2.0","2026-01-27","185"
"ELP1","NA","11409","USP","TAMPA","02 MED","1674075","2.0","2026-01-27","185"
"ELP1","NA","11424","USP","UNWIND BRAKE BAND CTM PM-BB1030","02 MED","1674075","2.0","2026-01-27","185"
"ELP1","NA","11519","USP","Zebra Kit Maint Door Open Swch RH/LH","02 MED","1674075","2.0","2026-01-27","185"
"ELP1","NA","14325","USP","WIRING TOOL required for insertion/extraction @ terminal strip","03 LOW","1674075","2.0","2026-01-27","185"
"ELP1","NA","49225","USP","HEX HEAD CAP SCREW  CTM PM-FAHHSS50557","03 LOW","1674075","2.0","2026-01-27","185"
"ELP1","NA","49346","USP","ZEBRA AIT PART KIT PLATEN, PINCH, & PEEL ROLLERS ZE521 RH & LH","02 MED","1674075","2.0","2026-01-27","185"
"ELP1","NA","76580","USP","PROGRAMMED MAPLE DISPLAY UNIT FOR 3600A APPLICATOR","02 MED","1674075","2.0","2026-01-27","185"
"ELP1","NA","N12270","USP","SMC Speed Control Valve: Elbow Fitting, Knob, 1/4 in/1/8 in Valve Body Size, 1/4 in Tube, Meter Out","02 MED","1674075","2.0","2026-01-27","185"
"ELP1","NA","N24793","USP","Slim Electromechanical Relay, SPDT, 6A,24VDC, PCB Terminal, 34 Series","01 HIGH","1674075","2.0","2026-01-27","185"
"ELP1","NA","N37843","USP","REWIND CONTROL/POWER ON RELAY FOR 3600A APPLICATORS - PE-RE1017","02 MED","1674075","2.0","2026-01-27","185"
"RIC4","NA","3022956","USP","ROTATED CABLE EXIT VERTICAL LOAD CELL HOLDER BLOCK","01 HIGH","1677457","2.0","2026-01-29","183"
"ORF4","NA","49346","USP","ZEBRA AIT PART KIT PLATEN, PINCH, & PEEL ROLLERS ZE521 RH & LH","02 MED","1682285","1.0","2026-02-03","178"
"ORD5","NA","3022932","USP","SENSOR FLAG PIN, USP TRIGGER GATE","01 HIGH","1682933","1.0","2026-02-04","177"
"SHV1","NA","49344","USP","Zebra ZE52163-R010000Z Print Engine","02 MED","1684636","1.0","2026-02-05","176"
"BDL4","NA","1002613","USP","VALVE, CHECK VALVE,ASSEMBLY:FLOW CONTROL W/ PILOT CHECK VALVE 1/4 TUBE WITH1/8 T","01 HIGH","1688370","1.0","2026-02-09","172"
"BDL4","NA","49346","USP","ZEBRA AIT PART KIT PLATEN, PINCH, & PEEL ROLLERS ZE521 RH & LH","01 HIGH","1697951","1.0","2026-02-17","164"
"TYS1","NA","1073001","USP","3600 TAMP or SWING HOME SENSOR ASSEMBLY without MOUNT","02 MED","1700281","2.0","2026-02-18","163"
"TYS1","NA","3025738","USP","COATED 9"" FOUR HOLE AIR ASSIST TUBE - MP-211-2230-9","02 MED","1700281","2.0","2026-02-18","163"
"TYS1","NA","N24793","USP","Slim Electromechanical Relay, SPDT, 6A,24VDC, PCB Terminal, 34 Series","01 HIGH","1700281","2.0","2026-02-18","163"
"SBD6","NA","19978","USP","TIME DELAY FUSE, 30A, CLASS J, 300KA, 600VAC","02 MED","1701896","3.0","2026-02-19","162"
"SAN3","NA","1113249","USP","URGU48R1-04090N","02 MED","1704279","1.0","2026-02-21","160"
"DET6","NA","11424","USP","UNWIND BRAKE BAND CTM PM-BB1030","01 HIGH","1705620","2.0","2026-02-23","158"
"AKC1","NA","10191","USP","THRUST BALL BEARING, 3/4"" ID X 1-5/16"" OD X 9/32"" HT., STEEL","01 HIGH","1718759","2.0","2026-03-05","148"
"AKC1","NA","1073001","USP","3600 TAMP or SWING HOME SENSOR ASSEMBLY without MOUNT","02 MED","1718759","2.0","2026-03-05","148"
"AKC1","NA","11147","USP","VHI425A-GV W/ GV4G6","02 MED","1718759","2.0","2026-03-05","148"
"AKC1","NA","11409","USP","TAMPA","02 MED","1718759","2.0","2026-03-05","148"
"AKC1","NA","11424","USP","UNWIND BRAKE BAND CTM PM-BB1030","01 HIGH","1718759","2.0","2026-03-05","148"
"AKC1","NA","11519","USP","Zebra Kit Maint Door Open Swch RH/LH","02 MED","1718759","2.0","2026-03-05","148"
"AKC1","NA","3025738","USP","COATED 9"" FOUR HOLE AIR ASSIST TUBE - MP-211-2230-9","02 MED","1718759","2.0","2026-03-05","148"
"AKC1","NA","N12270","USP","SMC Speed Control Valve: Elbow Fitting, Knob, 1/4 in/1/8 in Valve Body Size, 1/4 in Tube, Meter Out","02 MED","1718759","2.0","2026-03-05","148"
"AKC1","NA","N24793","USP","Slim Electromechanical Relay, SPDT, 6A,24VDC, PCB Terminal, 34 Series","02 MED","1718759","2.0","2026-03-05","148"
"AKC1","NA","N37843","USP","REWIND CONTROL/POWER ON RELAY FOR 3600A APPLICATORS - PE-RE1017","02 MED","1718759","2.0","2026-03-05","148"
"AUS2","NA","1060925","USP","RING-GRIP QUICK-RELEASE PIN","01 HIGH","1718720","2.0","2026-03-05","148"
"AUS2","NA","1124729","USP","Pan and Tilt Camera Mount PTU-BE","01 HIGH","1718720","2.0","2026-03-05","148"
"AUS2","NA","3015434","USP","SWIVEL GRIPPER HEAD","01 HIGH","1718720","5.0","2026-03-05","148"
"AUS2","NA","3015435","USP","VERTICAL JAW CABLE MANAGEMENT BACKING PLATE","01 HIGH","1718720","2.0","2026-03-05","148"
"AUS2","NA","3022934","USP","SMC Shock Absorber, RBC1007, 46.7 mm Body Length, 63.7 mm Body Length, M10 x 1 Thread Size","01 HIGH","1718720","5.0","2026-03-05","148"
"AUS2","NA","3022935","USP","M8 LOCK WASHERS (OR BLACK OXIDE EQUIVALENT)","01 HIGH","1718720","2.0","2026-03-05","148"
"AUS2","NA","3022940","USP","VERTICAL JAW CABLE MANAGEMENT BACKING PLATE","01 HIGH","1718720","2.0","2026-03-05","148"
"AUS2","NA","3022948","USP","FLAT HEAD SOCKET CAP SCREW","01 HIGH","1718720","2.0","2026-03-05","148"
"AUS2","NA","3022949","USP","MCMASTER ZIP TIE MOUNT","01 HIGH","1718720","2.0","2026-03-05","148"
"AUS2","NA","3022952","USP","GALVANIZED STEEL , EPDM CUSHIO","01 HIGH","1718720","2.0","2026-03-05","148"
"AUS2","NA","3022953","USP","GUARDING T-BLOCK","01 HIGH","1718720","25.0","2026-03-05","148"
"AUS2","NA","3022957","USP","WASHER, M5, SST","01 HIGH","1718720","2.0","2026-03-05","148"
"AUS2","NA","3022969","USP","VERTICAL CARTRIDGE HEATER","01 HIGH","1718720","2.0","2026-03-05","148"
"AUS2","NA","3022970","USP","CUTTING KNIFE ASSEMBLY","01 HIGH","1718720","6.0","2026-03-05","148"
"AUS2","NA","3022971","USP","FAST CONNECTION-PEG","01 HIGH","1718720","2.0","2026-03-05","148"
"AUS2","NA","3022977","USP","GUIDED PNUEMATIC CYLINDER DFM-16-125-B-PPV-A-KF","01 HIGH","1718720","2.0","2026-03-05","148"
"AUS2","NA","3022978","USP","LIDAR SENSOR PICS150-01000 core 1","01 HIGH","1718720","1.0","2026-03-05","148"
"AUS2","NA","3026266","USP","Control Block","01 HIGH","1718720","2.0","2026-03-05","148"
"AUS2","NA","3029777","USP","Ring, Centering sleeve ZBH-7-B","01 HIGH","1718720","2.0","2026-03-05","148"
"AUS2","NA","3029778","USP","CABLE, NIP ROLLER MOTOR SERVO","01 HIGH","1718720","1.0","2026-03-05","148"
"AUS2","NA","3031139","USP","RIGHT HORIZONTAL HEATER CABLE","01 HIGH","1718720","2.0","2026-03-05","148"
"AUS2","NA","3032133","USP","COMPRESSION SPRING T=1.4 OD=20 ID=17","01 HIGH","1718720","12.0","2026-03-05","148"
"AUS2","NA","3033957","USP","Ring, Centering sleeve ZBH-5-B","01 HIGH","1718720","3.0","2026-03-05","148"
"AUS2","NA","3037848","USP","LEFT VER HEATER CABLE ASSY","01 HIGH","1718720","2.0","2026-03-05","148"
"AUS2","NA","3037849","USP","RIGHT VER HEATER CABLE ASSY","01 HIGH","1718720","2.0","2026-03-05","148"
"AUS2","NA","3037850","USP","ZIP TIES, STANDARD","01 HIGH","1718720","1.0","2026-03-05","148"
"AUS2","NA","3037851","USP","ALTERNATE PLASTIC P-CLIP (MUST DRILL MOUNTING HOLE TO M6)","01 HIGH","1718720","2.0","2026-03-05","148"
"AUS2","NA","3037852","USP","LEFT HOR HEATER CABLE ASSY","01 HIGH","1718720","2.0","2026-03-05","148"
"AUS2","NA","3043376","USP","ZLD18-BFZ4B8 SIMPLE SENSE","01 HIGH","1718720","2.0","2026-03-05","148"
"AUS2","NA","3043399","USP","D-MAX WEB GUIDE CONTROLLER,INPUT VOLTAGE 24 - 48 VDC, 6 DIGITAL INPUTS, 2 OUTPUT","01 HIGH","1718720","1.0","2026-03-05","148"
"AUS2","NA","3043407","USP","SICK IME2S Series Non-Flush Inductive Non-Contact Safety Switch, 24V dc, Nickel Plated Brass Housing, 2NO, M12","01 HIGH","1718720","2.0","2026-03-05","148"
"AUS2","NA","3208459","USP","FIELD ATTACHABLE CONNECTOR","01 HIGH","1718720","2.0","2026-03-05","148"
"AUS2","NA","3464199","USP","SENSOR, FIBER OPTIC THIN ZERO SPACE, SIDE VIEW TYP","01 HIGH","1718720","2.0","2026-03-05","148"
"AUS2","NA","3466138","USP","VERTICAL VPL SERIES, FRAME SIZE 100MM, T WINDING, RATED SPEED 7200-80","01 HIGH","1718720","1.0","2026-03-05","148"
"AUS2","NA","3466140","USP","KINETIX VP LOW INERTIA MOTOR,","01 HIGH","1718720","1.0","2026-03-05","148"
"AUS2","NA","3466145","USP","RIGHT HORIZONTAL SEAL BAR ASSY","01 HIGH","1718720","2.0","2026-03-05","148"
"AUS2","NA","3466149","USP","PIVOT BLOCK","01 HIGH","1718720","2.0","2026-03-05","148"
"AUS2","NA","3466153","USP","RIGHT VERTICAL SEAL BAR ASSY","01 HIGH","1718720","2.0","2026-03-05","148"
"AUS2","NA","3466243","USP","LEFT HORIZONTAL SEAL BAR ASSY","01 HIGH","1718720","2.0","2026-03-05","148"
"AUS2","NA","3466251","USP","PIVOT BLOCK - LEFT HORIZONTAL","01 HIGH","1718720","2.0","2026-03-05","148"
"AUS2","NA","3466258","USP","LEFT VERTICAL SEAL BAR ASSY","01 HIGH","1718720","2.0","2026-03-05","148"
"AUS2","NA","3546294","USP","Kinetix VP Motor Cable, 4m","01 HIGH","1718720","1.0","2026-03-05","148"
"ORF3","NA","3022941","USP","VERTICAL TOP, POWERSONIC MATED M12 + LBO2K","01 HIGH","1717622","6.0","2026-03-05","148"
"ORF3","NA","3022943","USP","HORIZONTAL REAR, POWERSONIC MATED M12 + LBO3K","01 HIGH","1717622","6.0","2026-03-05","148"
"ORF3","NA","3022945","USP","VERTICAL BOTTOM LOAD CELL","01 HIGH","1717622","6.0","2026-03-05","148"
"ORF3","NA","3022950","USP","HORIZONTAL FRONT, POWERSONIC MATED M12 + LBO3K","01 HIGH","1717622","6.0","2026-03-05","148"
"RIC4","NA","1004322","USP","PUSHBUTTON METAL LATCH","01 HIGH","1723760","1.0","2026-03-10","143"
"SHV1","NA","3022945","USP","VERTICAL BOTTOM LOAD CELL","01 HIGH","1724029","3.0","2026-03-11","142"
"ORF4","NA","3129285","URL","RJ45 INDUSTRIAL PLUG 09451511100","02 MED","1729346","2.0","2026-03-16","137"
"ORD5","NA","10191","USP","THRUST BALL BEARING, 3/4"" ID X 1-5/16"" OD X 9/32"" HT., STEEL","01 HIGH","1731744","2.0","2026-03-18","135"
"ORD5","NA","11409","USP","TAMPA","02 MED","1731744","1.0","2026-03-18","135"
"SHV1","NA","1112947","URL","Série 7000 Transverse Roller V3 Acetal Base/ Urethane And Wear Resistant Acetal Roller/ Nylon Axle Grey/ Black And Orange/ White Largura: 737 mm (+/-1 mm) (58.0 elos) Comprimento: 1.62 metros (20 fileiras)","02 MED","1734545","1.0","2026-03-19","134"
"SHV1","NA","1125460","URL","Latch for Print Mechanism ZE511 ZE521 RH & LH","02 MED","1734545","2.0","2026-03-19","134"
"SHV1","NA","118954","URL","SQUARE_Sproket_60mm_#24_S2H0XXDHXXMT-10","02 MED","1734545","1.0","2026-03-19","134"
"SHV1","NA","2036642","URL","Peel Bracket Assembly ZE511 RH & LH","02 MED","1734545","4.0","2026-03-19","134"
"SHV1","NA","2038925","URL","Zebra, Kit, Print Mechanism, ZE511 Right Hand","02 MED","1734546","4.0","2026-03-19","134"
"SHV1","NA","2038927","URL","Zebra, Kit, Toggle Assemblies, ZE511, ZE521, Right Hand/Left Hand","02 MED","1734546","4.0","2026-03-19","134"
"SHV1","NA","2038928","URL","Zebra, Kit, Ruler for Toggle Position, Quantity of 3, ZE511 Right Hand","02 MED","1734545","4.0","2026-03-19","134"
"SHV1","NA","2038929","URL","Zebra, Kit, Ribbon Strip Plate & Ribbon Static Brush, ZE511 Right Hand/Left Hand","02 MED","1734545","4.0","2026-03-19","134"
"SHV1","NA","2038930","URL","Zebra, Kit, Cables for Printhead, ZE511 ZE521 Right Hand/Left Hand","02 MED","1734545","1.0","2026-03-19","134"
"SHV1","NA","2038945","URL","Zebra, Kit, Media Sensor, ZE511 Right Hand","02 MED","1734545","4.0","2026-03-19","134"
"SHV1","NA","2038946","URL","Zebra, Kit, Media Door Open Sensor, ZE511, ZE521, RH & LH","02 MED","1734545","4.0","2026-03-19","134"
"SHV1","NA","2038947","URL","Zebra, Kit, Encoder Sensors for Ribbon Drive System, ZE511, ZE521, Right Hand/Left Hand","02 MED","1734545","4.0","2026-03-19","134"
"SHV1","NA","2038952","URL","Zebra, Kit, Motor For The Media Drive System ZE511, ZE521, RH","02 MED","1734545","4.0","2026-03-19","134"
"SHV1","NA","2038959","URL","Zebra, Kit, Platen Support And Guard For Printhead, ZE511 RH & LH","02 MED","1734545","4.0","2026-03-19","134"
"SHV1","NA","2038961","URL","Zebra, Kit, Roller Plates, ZE511, ZE521, Right Hand","02 MED","1734545","4.0","2026-03-19","134"
"SHV1","NA","2038966","URL","Zebra, Kit, Print Mechanism, ZE511 Left Hand","02 MED","1734545","4.0","2026-03-19","134"
"SHV1","NA","2038968","URL","Zebra, Kit, Media Sensor, ZE511 Left Hand","02 MED","1734545","4.0","2026-03-19","134"
"SHV1","NA","2038971","URL","Zebra, Kit, Motor For The Media Drive System, ZE511, ZE521, LH","02 MED","1734545","4.0","2026-03-19","134"
"SHV1","NA","2038972","URL","Zebra, Kit, Ribbon Drive System, ZE511, ZE521, Left Hand","02 MED","1734545","4.0","2026-03-19","134"
"SHV1","NA","2038973","URL","roller Plates ZE511/ZE521 LH","02 MED","1734545","4.0","2026-03-19","134"
"SHV1","NA","29142","URL","MANIFOLD,VALVE,8 STATION,MODULAR","02 MED","1734546","1.0","2026-03-19","134"
"SHV1","NA","3008688","URL","Dancing Arm – Backing Paper Rewinder RH","02 MED","1734546","2.0","2026-03-19","134"
"SHV1","NA","3008689","URL","Roller – dancing arm","02 MED","1734546","2.0","2026-03-19","134"
"SHV1","NA","3008690","URL","MINIATURE CIRCUIT BREAKER FORM FK2 4A","02 MED","1734545","3.0","2026-03-19","134"
"SHV1","NA","3008695","URL","RS232 Com cable","02 MED","1734546","2.0","2026-03-19","134"
"SHV1","NA","3008709","URL","Tube guide roller incl. bearings","02 MED","1734545","2.0","2026-03-19","134"
"SHV1","NA","3008711","URL","WEIGHCELL CABLE 11.5M SONIC","02 MED","1734545","2.0","2026-03-19","134"
"SHV1","NA","3008712","URL","DISC_BREAK","02 MED","1734545","2.0","2026-03-19","134"
"SHV1","NA","3008716","URL","MOTOR AC,0.55KW,23.8NM,221RPM,M1,RAL7031","02 MED","1734545","3.0","2026-03-19","134"
"SHV1","NA","3008717","URL","UK 6-FSI/C-LED NO3001938","02 MED","1734546","1.0","2026-03-19","134"
"SHV1","NA","3008718","URL","ULTRA-HI-SPEED VISION SYSTEM","02 MED","1734545","2.0","2026-03-19","134"
"SHV1","NA","3008719","URL","SENSOR_INDUCTIVE","02 MED","1734545","2.0","2026-03-19","134"
"SHV1","NA","3008721","URL","PRODUCT CONVEYOR BELT","02 MED","1734545","4.0","2026-03-19","134"
"SHV1","NA","3008723","URL","Bearing (2 pieces needed) 15x32x9 mm","02 MED","1734545","2.0","2026-03-19","134"
"SHV1","NA","3008724","URL","6MM POLYCORDSTRAIGHT LENGTH: 212MM (INSTALLATION LENGTH)CUT LENGTH: 215MM","02 MED","1734545","5.0","2026-03-19","134"
"SHV1","NA","3008725","URL","IDLE ROLLER,BAL B-ST ST F12,D79 BB600","02 MED","1734545","4.0","2026-03-19","134"
"SHV1","NA","3008726","URL","RELAY PC 1CO 110VAC/DC","02 MED","1734545","1.0","2026-03-19","134"
"SHV1","NA","3008727","URL","TAPER LOCK BUSHING,1108,DI20","02 MED","1734545","3.0","2026-03-19","134"
"SHV1","NA","3008730","URL","Phoenix Contact 1754465 PCB Plug Screw 5mm 12AWG 320V 12A 3 Position COMBICON MSTB Series","02 MED","1734545","1.0","2026-03-19","134"
"SHV1","NA","3008731","URL","REWINDER_BACKING_PAPER_LH","02 MED","1734545","2.0","2026-03-19","134"
"SHV1","NA","3008732","URL","Inner disc 305 mm","02 MED","1734545","2.0","2026-03-19","134"
"SHV1","NA","3008733","URL","SUPPLY_POWER","02 MED","1734545","2.0","2026-03-19","134"
"SHV1","NA","3008734","URL","Dancing Arm – Backing Paper Rewinder LH","02 MED","1734545","2.0","2026-03-19","134"
"SHV1","NA","3008735","URL","REWINDER_BACKING_PAPER_RH","02 MED","1734546","2.0","2026-03-19","134"
"SHV1","NA","3008736","URL","CABLE_APPLICATOR","02 MED","1734545","2.0","2026-03-19","134"
"SHV1","NA","3008737","URL","V3-GM-10M-PVC, CABLE 10M M8/F/3P/0/A","02 MED","1734546","2.0","2026-03-19","134"
"SHV1","NA","3008738","URL","Outer disc incl. locking hub","01 HIGH","1734545","2.0","2026-03-19","134"
"SHV1","NA","3008739","URL","V1-G-10M-PVC, CABLE 10M M12/F/8P/0 10M","02 MED","1734545","2.0","2026-03-19","134"
"SHV1","NA","3008740","URL","Spacer disc 5mm","02 MED","1734545","2.0","2026-03-19","134"
"SHV1","NA","3008741","URL","Spring - break band","02 MED","1734545","24.0","2026-03-19","134"
"SHV1","NA","3008742","URL","Siemens 3NW7513-0HG Fuse Holder, 1-P, 32A, 600V, Class Cc F","02 MED","1734546","4.0","2026-03-19","134"
"SHV1","NA","3008743","URL","CIRCUIT BREAKER MOTOR,CONTACT ,1NO,1NC","02 MED","1734545","1.0","2026-03-19","134"
"SHV1","NA","3008744","URL","S80 Adapter board - “Printer Port”","02 MED","1734545","2.0","2026-03-19","134"
"SHV1","NA","3008745","URL","BOARD 200041062","02 MED","1734545","2.0","2026-03-19","134"
"SHV1","NA","3008746","URL","ROLLER_REWIND","02 MED","1734546","2.0","2026-03-19","134"
"SHV1","NA","3008747","URL","Shock absorber 20x15 incl. screw","02 MED","1734545","12.0","2026-03-19","134"
"SHV1","NA","3008748","URL","Spacer for unwinder 8mm for S80","02 MED","1734545","3.0","2026-03-19","134"
"SHV1","NA","3008749","URL","Warning low level labels; optic sensor","02 MED","1734545","3.0","2026-03-19","134"
"SHV1","NA","3008750","URL","PLUG DFMC 1,5/ 5-ST-3,5-LR","02 MED","1734545","1.0","2026-03-19","134"
"SHV1","NA","3008751","URL","6MM POLYCORDSTRAIGHT LENGTH: 238MM (INSTALLATION LENGTH)CUT LENGTH: 241MM","02 MED","1734546","5.0","2026-03-19","134"
"SHV1","NA","3008753","URL","SWITCH_INLET_AND_FUSES","02 MED","1734545","1.0","2026-03-19","134"
"SHV1","NA","3008754","URL","T-COUPLER M8 MALE / 2X M8 FEMALE","02 MED","1734546","2.0","2026-03-19","134"
"SHV1","NA","3008759","URL","M8 4-POLE PVC 10M CABLE","02 MED","1734546","2.0","2026-03-19","134"
"SHV1","NA","3008760","URL","SUPPORT_DISC_REWINDER","02 MED","1734545","2.0","2026-03-19","134"
"SHV1","NA","3008761","URL","S80 motor assembly","02 MED","1734546","2.0","2026-03-19","134"
"SHV1","NA","3008762","URL","Roller – label unwinder","02 MED","1734545","2.0","2026-03-19","134"
"SHV1","NA","3008763","URL","Adapter 76 mm width 30 mm","02 MED","1734545","2.0","2026-03-19","134"
"SHV1","NA","3008765","URL","MOTOR PROTECTIVE CIRCUIT BREAKER 3P,4A","02 MED","1734545","1.0","2026-03-19","134"
"SHV1","NA","3008767","URL","DRIVE ROLLER,BAL B-ST ST F12,D79 BB600","02 MED","1734545","4.0","2026-03-19","134"
"SHV1","NA","3008768","URL","SEW VSD DRIVE 115V,0.75KW","02 MED","1734545","3.0","2026-03-19","134"
"SHV1","NA","3008769","URL","CONNECTOR PHOENIX PLUG,12 WAY","02 MED","1734545","1.0","2026-03-19","134"
"SHV1","NA","3008771","URL","RING_GUIDE","02 MED","1734545","12.0","2026-03-19","134"
"SHV1","NA","3008773","URL","Photocell cable, 5 m","02 MED","1734545","3.0","2026-03-19","134"
"SHV1","NA","3008774","URL","CABLE WEIGHCELL,0.1M,ADAPTER,SCALA-LIBRA","02 MED","1734545","3.0","2026-03-19","134"
"SHV1","NA","3008776","URL","Tube guide roller Shaft","02 MED","1734545","2.0","2026-03-19","134"
"SHV1","NA","3077285","URL","DOL-2312-G10MMA3 CABLE","02 MED","1734545","2.0","2026-03-19","134"
"SHV1","NA","3077291","URL","COMMS ADAPTER","02 MED","1734545","2.0","2026-03-19","134"
"SHV1","NA","3083137","URL","STANDARD LENGTH PEEL BAR ZE511 RH & LH","02 MED","1734545","4.0","2026-03-19","134"
"SHV1","NA","3125137","URL","V1-W-10M-PVC, FEMALE CORDSET 10M CABLE","02 MED","1734545","2.0","2026-03-19","134"
"SHV1","NA","3127827","URL","Zebra, Kit, Wireless Wi-Fi 802,11ac, USA and Canada, Includes magnetic antenna mount, ZE511, ZE521, RH & LH","02 MED","1734545","4.0","2026-03-19","134"
"SHV1","NA","3132058","URL","METTLER TOLEDO 24114964 BELT","02 MED","1734545","4.0","2026-03-19","134"
"SHV1","NA","328138","URL","Toothed belt: 475-5MHP-15","02 MED","1734545","4.0","2026-03-19","134"
"SHV1","NA","3516102","URL","24408449 TOOTHED BELT PULLEY TL N36 5M","02 MED","1734545","3.0","2026-03-19","134"
"SHV1","NA","3516105","URL","CIRCUIT BREAKER 230VAC 1P 30552422","02 MED","1734545","3.0","2026-03-19","134"
"SHV1","NA","3516106","URL","CIRCUIT BREAKER 230VAC 6A 30552418","02 MED","1734545","3.0","2026-03-19","134"
"SHV1","NA","3516111","URL","RJ45 INDUSTRIAL PLUG 09451511100","02 MED","1734545","1.0","2026-03-19","134"
"SHV1","NA","3516116","URL","Break Band 410 mm","02 MED","1734545","12.0","2026-03-19","134"
"SHV1","NA","3516118","URL","UNWIND UNIT SPRINGS MT910532SP","02 MED","1734545","24.0","2026-03-19","134"
"SHV1","NA","3516120","URL","99-3379-100-03, M8 CABLE CONNECTOR","02 MED","1734545","2.0","2026-03-19","134"
"SHV1","NA","3516122","URL","RJ45 INDUSTRIAL PLUG 09451511100","02 MED","1734545","2.0","2026-03-19","134"
"SHV1","NA","3516129","URL","LED TUBE 16W 24VDC 4000-75800-1715016","02 MED","1734545","1.0","2026-03-19","134"
"SHV1","NA","3516135","URL","VW3E1142R030 HYBRID CABLE DB 4 DOWN","02 MED","1734545","2.0","2026-03-19","134"
"SHV1","NA","3516136","URL","VW3E1141R100 HYBRID CABLE 10M","02 MED","1734545","2.0","2026-03-19","134"
"SHV1","NA","3516137","URL","RJ45 INDUSTRIAL PLUG 09451511100","02 MED","1734545","4.0","2026-03-19","134"
"SHV1","NA","49347","URL","MEDIA DRIVE BELTS ZE511 ZE521 RH & LH","02 MED","1734545","4.0","2026-03-19","134"
"SHV1","NA","55600","URL","OUTLET FILTER, STANDARD, 255MMX255MM","02 MED","1734545","12.0","2026-03-19","134"
"SHV1","NA","65023","URL","Zebra Kit Medien Führung ZE500 Serie","02 MED","1734545","4.0","2026-03-19","134"
"SHV1","NA","65242","URL","Zebra, Kit Upper Segmented Pinch Roller Assembly ZE500-4 LH","02 MED","1734546","4.0","2026-03-19","134"
"SHV1","NA","65245","URL","Upper Segmented Pinch Roller Assembly ZE511 RH","02 MED","1734545","1.0","2026-03-19","134"
"SHV1","NA","66809","URL","TWO HOLE FLANGE BEARING GLCTEY","02 MED","1734545","4.0","2026-03-19","134"
"SHV1","NA","85098","EcoPac","Plug Socket With Cable","02 MED","1734545","2.0","2026-03-19","134"
"SHV1","NA","99304","URL","Spiratex components barcap 0,63""","02 MED","1734545","10.0","2026-03-19","134"
"SHV1","NA","N18792","URL","VLV AIR SOL DBL 2POS MTL SEAL","02 MED","1734545","1.0","2026-03-19","134"
"SHV1","NA","N24349","URL","Zebra, Kit Drive Gears for Ribbon Spindles ZE500 Series","02 MED","1734545","4.0","2026-03-19","134"
"SHV1","NA","N24364","URL","Zebra, Kit Ribbon Spindles ZE500-4 RH & LH","02 MED","1734545","4.0","2026-03-19","134"
"SHV1","NA","N36607","URL","SET CLLR 1-3/8 B SPLT 2P","02 MED","1734545","3.0","2026-03-19","134"
"AUS2","NA","1073001","USP","3600 TAMP or SWING HOME SENSOR ASSEMBLY without MOUNT","02 MED","1736125","2.0","2026-03-20","133"
"ORD5","NA","23103","USP","Time Delay, Cylindrical, Fuse, GDC Series, 250VAC, Indicating (5 PK)","03 LOW","1736122","1.0","2026-03-20","133"
"SYR1","NA","3025738","USP","COATED 9"" FOUR HOLE AIR ASSIST TUBE - MP-211-2230-9","02 MED","1735532","2.0","2026-03-20","133"
"YEG2","NA","49345","USP","ZEBRA AIT PART KIT PRINTHEAD 300 DPI ZE521 RH & LH","02 MED","1737522","1.0","2026-03-23","130"
"ORF4","NA","3077261","URL","Parallel plate with bearing and ball pins","02 MED","1740573","1.0","2026-03-25","128"
"ORF3","NA","3022934","USP","SMC Shock Absorber, RBC1007, 46.7 mm Body Length, 63.7 mm Body Length, M10 x 1 Thread Size","01 HIGH","1743424","25.0","2026-03-27","126"
"OMA2","NA","10043","USP","PLC, CONTROLLER,PROGRAMMABLE:2-1/2 INHT,3-1/2 INWD,1-1/2 INDP,24 V DCVOLT,2.6 MACURRE","02 MED","1746028","1.0","2026-03-30","123"
"GEG1","NA","226234","USP","SERIAL RS232 TO USB CONVERTER","02 MED","1753846","1.0","2026-04-06","116"
"SAT3","NA","3466248","USP","PRECISION LINEAR SHAFT, DIA 12","01 HIGH","1778376","2.0","2026-04-23","99"
"SHV1","NA","3077270","URL","Lower universal joint","02 MED","1776758","15.0","2026-04-23","99"
"SHV1","NA","3129293","URL","Vacuum Generator","02 MED","1776758","4.0","2026-04-23","99"
"DEN4","NA","1113249","USP","URGU48R1-04090N","02 MED","1778803","1.0","2026-04-24","98"
"ORF4","NA","1113249","USP","URGU48R1-04090N","02 MED","1781853","1.0","2026-04-27","95"
"PAE2","NA","132054","USP","ZEBRA - P1046696-146, EXTENDED LIFE DRIVE BELTS, ZE500/ZE511, HTC 8443.99.2550 C","02 MED","1781376","1.0","2026-04-27","95"
"SCK6","NA","23103","USP","Time Delay, Cylindrical, Fuse, GDC Series, 250VAC, Indicating (5 PK)","03 LOW","1782725","2.0","2026-04-28","94"
"DEN4","NA","1071515","USP","Radial/Deep Groove Ball Bearing - Round Bore, 25 mm ID, 42 mm OD, 9 mm Width, Double Shielded, Internal Clearance","02 MED","1784707","1.0","2026-04-29","93"
"SHV1","NA","3022943","USP","HORIZONTAL REAR, POWERSONIC MATED M12 + LBO3K","01 HIGH","1785259","1.0","2026-04-29","93"
"SHV1","NA","3022950","USP","HORIZONTAL FRONT, POWERSONIC MATED M12 + LBO3K","01 HIGH","1785259","1.0","2026-04-29","93"
"TLH2","NA","49225","USP","HEX HEAD CAP SCREW  CTM PM-FAHHSS50557","03 LOW","1788365","1.0","2026-05-01","91"
"FSD1","NA","1004322","USP","PUSHBUTTON METAL LATCH","01 HIGH","1789561","1.0","2026-05-04","88"
"PAE2","NA","3464199","USP","SENSOR, FIBER OPTIC THIN ZERO SPACE, SIDE VIEW TYP","01 HIGH","1789892","1.0","2026-05-04","88"
"ORD5","NA","10105","USP","SPRING: REWIND CLUTCH, MED DUTY, .97OD X .080 WIRE DIA","03 LOW","1792429","1.0","2026-05-05","87"
"BOS3","NA","3022943","USP","HORIZONTAL REAR, POWERSONIC MATED M12 + LBO3K","01 HIGH","1795233","3.0","2026-05-07","85"
"BOS3","NA","3022945","USP","VERTICAL BOTTOM LOAD CELL","01 HIGH","1795233","3.0","2026-05-07","85"
"BOS3","NA","3022950","USP","HORIZONTAL FRONT, POWERSONIC MATED M12 + LBO3K","01 HIGH","1795233","3.0","2026-05-07","85"
"TPA4","NA","3015435","USP","VERTICAL JAW CABLE MANAGEMENT BACKING PLATE","02 MED","1795058","1.0","2026-05-07","85"
"BOS3","NA","49225","USP","HEX HEAD CAP SCREW  CTM PM-FAHHSS50557","02 MED","1800216","1.0","2026-05-08","84"
"BOS3","NA","N12270","USP","SMC Speed Control Valve: Elbow Fitting, Knob, 1/4 in/1/8 in Valve Body Size, 1/4 in Tube, Meter Out","02 MED","1800216","5.0","2026-05-08","84"
"BOS3","NA","N45907","USP","Valve flow control one way","02 MED","1800216","1.0","2026-05-08","84"
"DAB2","NA","10683","USP","WHEEL, WHEEL: LOAD ASSEMBLY","02 MED","1799448","3.0","2026-05-08","84"
"HOU6","NA","N53951","USP","RADIAL BALL BEARING","01 HIGH","1796233","1.0","2026-05-08","84"
"SAV4","NA","3022931","USP","MALE INSERT 5 PIN","01 HIGH","1799200","1.0","2026-05-08","84"
"SAV4","NA","3022940","USP","VERTICAL JAW CABLE MANAGEMENT BACKING PLATE","01 HIGH","1799200","4.0","2026-05-08","84"
"SAV4","NA","3022942","USP","CLAMP, LOOP NYLON 7/8"" X 1 1/2","01 HIGH","1799200","1.0","2026-05-08","84"
"SAV4","NA","3022947","USP","HORIZONTAL JAW CABLE MANAGEMENT BACKING PLATE","01 HIGH","1799200","3.0","2026-05-08","84"
"SAV4","NA","3022951","USP","RTD, PT100, DIA 3MM, L 18MM, 3","01 HIGH","1799200","1.0","2026-05-08","84"
"SAV4","NA","3022969","USP","VERTICAL CARTRIDGE HEATER","01 HIGH","1799200","2.0","2026-05-08","84"
"SHV1","NA","3524238","EcoPac","PHOTOCEL S45-PH-5-B03-PH","02 MED","1795899","1.0","2026-05-08","84"
"SHV1","NA","3524374","EcoPac","PHOTOCEL S45-PH-5-B03-PH","02 MED","1795899","8.0","2026-05-08","84"
"SHV1","NA","3524557","EcoPac","ROLLER D55X958 D25","02 MED","1795899","2.0","2026-05-08","84"
"SHV1","NA","C-1204","EcoPac","PHOTOCEL S45-PH-5-B03-PH","01 HIGH","1795899","1.0","2026-05-08","84"
"SHV1","NA","C-1260","EcoPac","RELE' MY4-US 24VDC 4 SCAMBI","01 HIGH","1795899","1.0","2026-05-08","84"
"SHV1","NA","C-1346","EcoPac","SPRING D35X17.5 D3.5 N.4 SPIRE TORS","01 HIGH","1795899","3.0","2026-05-08","84"
"SHV1","NA","C-1804","EcoPac","REDUCER XC40 R 1: 7,5 PAM 14-105","01 HIGH","1795899","2.0","2026-05-08","84"
"SHV1","NA","C-2635","EcoPac","SLIDER  MGN  12 HZ0H","01 HIGH","1795899","6.0","2026-05-08","84"
"SHV1","NA","C-2808","EcoPac","VALVE  VUVG-L18-M52-MT-G14-1R8L","01 HIGH","1795899","1.0","2026-05-08","84"
"SHV1","NA","C-2812","EcoPac","SOLENOID VALVE VUVG-L18-P53U-T-G14-1R8L","01 HIGH","1795899","2.0","2026-05-08","84"
"SHV1","NA","C-2831","EcoPac","PHOTOCEL S45-PH-5-B03-PH","01 HIGH","1795899","3.0","2026-05-08","84"
"SHV1","NA","C-2832","EcoPac","PHOTOCEL S45-PH-5-B03-PH","01 HIGH","1795899","4.0","2026-05-08","84"
"SHV1","NA","C-3199","EcoPac","SEEGER E  20X1.2   UNI7435","01 HIGH","1795899","2.0","2026-05-08","84"
"SHV1","NA","C-3755","EcoPac","WHEEL D69X19.3 D47 FOLLE","01 HIGH","1795899","2.0","2026-05-08","84"
"SHV1","NA","C-3779","EcoPac","SHAFT D 25X696","01 HIGH","1795899","1.0","2026-05-08","84"
"SHV1","NA","C-3823","EcoPac","PHOTOCEL S45-PH-5-B03-PH","01 HIGH","1795899","2.0","2026-05-08","84"
"SHV1","NA","C-3825","EcoPac","PHOTOCEL S45-PH-5-B03-PH","01 HIGH","1795899","2.0","2026-05-08","84"
"SHV1","NA","C-3826","EcoPac","PHOTOCEL S45-PH-5-B03-PH","01 HIGH","1795899","3.0","2026-05-08","84"
"SHV1","NA","C-3827","EcoPac","PHOTOCEL S45-PH-5-B03-PH","01 HIGH","1795899","1.0","2026-05-08","84"
"SHV1","NA","C-3838","EcoPac","SHAFT D 25X1455","01 HIGH","1795899","1.0","2026-05-08","84"
"SYR1","NA","3022949","USP","MCMASTER ZIP TIE MOUNT","01 HIGH","1799121","2.0","2026-05-08","84"
"SYR1","NA","3022959","USP","SHOULDER BOLT, 12MMX40MM, M10","01 HIGH","1799121","1.0","2026-05-08","84"
"TYS1","NA","10086","USP","WASHER: CAPTURE CTM PM-FANU30375","03 LOW","1798567","2.0","2026-05-08","84"
"TYS1","NA","10087","USP","THREADED INSERT CTM C-PM-INS1010","03 LOW","1798567","1.0","2026-05-08","84"
"TYS1","NA","49225","USP","HEX HEAD CAP SCREW  CTM PM-FAHHSS50557","03 LOW","1798567","1.0","2026-05-08","84"
"YEG2","NA","49346","USP","ZEBRA AIT PART KIT PLATEN, PINCH, & PEEL ROLLERS ZE521 RH & LH","02 MED","1797848","2.0","2026-05-08","84"
"DET6","NA","N41977","USP","R SERIES BEARING - .750 X 1.625 X .437","02 MED","1803300","1.0","2026-05-10","82"
"BDL4","NA","3043388","USP","SENSOR REED PARA CILINDRO","02 MED","1805486","1.0","2026-05-11","81"
"MTN1","NA","1061526","USP","SERVO DRVE AMP JR_AUTO JR0000549642","02 MED","1804579","1.0","2026-05-11","81"
"MTN1","NA","1124355","USP","FIXED DRAW ROLLER, SMART PAC","02 MED","1804579","2.0","2026-05-11","81"
"MTN1","NA","3015435","USP","VERTICAL JAW CABLE MANAGEMENT BACKING PLATE","01 HIGH","1804579","2.0","2026-05-11","81"
"MTN1","NA","3022931","USP","MALE INSERT 5 PIN","01 HIGH","1804579","2.0","2026-05-11","81"
"MTN1","NA","3022933","USP","STANDARD HOOD TOP ENTRY","01 HIGH","1804579","2.0","2026-05-11","81"
"MTN1","NA","3022940","USP","VERTICAL JAW CABLE MANAGEMENT BACKING PLATE","01 HIGH","1804579","2.0","2026-05-11","81"
"MTN1","NA","3022941","USP","VERTICAL TOP, POWERSONIC MATED M12 + LBO2K","01 HIGH","1804579","4.0","2026-05-11","81"
"MTN1","NA","3022943","USP","HORIZONTAL REAR, POWERSONIC MATED M12 + LBO3K","01 HIGH","1804579","4.0","2026-05-11","81"
"MTN1","NA","3022944","USP","CAPTIVE GUARDING SCREWS","01 HIGH","1804579","13.0","2026-05-11","81"
"MTN1","NA","3022945","USP","VERTICAL BOTTOM LOAD CELL","01 HIGH","1804579","4.0","2026-05-11","81"
"MTN1","NA","3022947","USP","HORIZONTAL JAW CABLE MANAGEMENT BACKING PLATE","01 HIGH","1804579","2.0","2026-05-11","81"
"MTN1","NA","3022950","USP","HORIZONTAL FRONT, POWERSONIC MATED M12 + LBO3K","01 HIGH","1804579","4.0","2026-05-11","81"
"MTN1","NA","3022953","USP","GUARDING T-BLOCK","01 HIGH","1804579","25.0","2026-05-11","81"
"MTN1","NA","3022956","USP","ROTATED CABLE EXIT VERTICAL LOAD CELL HOLDER BLOCK","01 HIGH","1804579","2.0","2026-05-11","81"
"MTN1","NA","3022958","USP","DIVERT PLATE, TOP","01 HIGH","1804579","2.0","2026-05-11","81"
"MTN1","NA","3022961","USP","FRONT PLATE","01 HIGH","1804579","2.0","2026-05-11","81"
"MTN1","NA","3022964","USP","DIVERT PLATE, REJECT COVER","01 HIGH","1804579","2.0","2026-05-11","81"
"MTN1","NA","3022970","USP","CUTTING KNIFE ASSEMBLY","01 HIGH","1804579","6.0","2026-05-11","81"
"MTN1","NA","3022971","USP","FAST CONNECTION-PEG","01 HIGH","1804579","2.0","2026-05-11","81"
"MTN1","NA","3022978","USP","LIDAR SENSOR PICS150-01000 core 1","01 HIGH","1804579","1.0","2026-05-11","81"
"MTN1","NA","3022981","USP","UNDER JAW BULK HEAD PLATE","01 HIGH","1804579","2.0","2026-05-11","81"
"MTN1","NA","3022982","USP","LEFT ISOLATOR PLATE","01 HIGH","1804579","6.0","2026-05-11","81"
"MTN1","NA","3022985","USP","ROTATED CABLE EXIT HORIZONTAL LOAD CELL HOLDER BLOCK","01 HIGH","1804579","2.0","2026-05-11","81"
"MTN1","NA","3022987","USP","IO-LINK MASTER, ETHERNET/IP INTERFACE, TOTAL IN- AND OUTPUTS: 16, 4X 2A OUTPUTS","01 HIGH","1804579","2.0","2026-05-11","81"
"MTN1","NA","3029778","USP","CABLE, NIP ROLLER MOTOR SERVO","01 HIGH","1804579","1.0","2026-05-11","81"
"MTN1","NA","3031139","USP","RIGHT HORIZONTAL HEATER CABLE","01 HIGH","1804579","2.0","2026-05-11","81"
"MTN1","NA","3032133","USP","COMPRESSION SPRING T=1.4 OD=20 ID=17","01 HIGH","1804579","12.0","2026-05-11","81"
"MTN1","NA","3037849","USP","RIGHT VER HEATER CABLE ASSY","01 HIGH","1804579","2.0","2026-05-11","81"
"MTN1","NA","3037851","USP","ALTERNATE PLASTIC P-CLIP (MUST DRILL MOUNTING HOLE TO M6)","01 HIGH","1804579","2.0","2026-05-11","81"
"MTN1","NA","3361381","USP","Fork sensor","01 HIGH","1804579","2.0","2026-05-11","81"
"MTN1","NA","3466132","USP","PNUEMATIC FITTING","01 HIGH","1804579","2.0","2026-05-11","81"
"MTN1","NA","3466140","USP","KINETIX VP LOW INERTIA MOTOR,","01 HIGH","1804579","1.0","2026-05-11","81"
"MTN1","NA","3466144","USP","SERVO DRIVE","01 HIGH","1804579","1.0","2026-05-11","81"
"MTN1","NA","3466145","USP","RIGHT HORIZONTAL SEAL BAR ASSY","01 HIGH","1804579","2.0","2026-05-11","81"
"MTN1","NA","3466149","USP","PIVOT BLOCK","01 HIGH","1804579","2.0","2026-05-11","81"
"MTN1","NA","3466152","USP","SENSOR MOUNT","01 HIGH","1804579","2.0","2026-05-11","81"
"MTN1","NA","3466153","USP","RIGHT VERTICAL SEAL BAR ASSY","01 HIGH","1804579","2.0","2026-05-11","81"
"MTN1","NA","3466158","USP","SPRING PLUNGER, BALL-NOSE HARD","01 HIGH","1804579","30.0","2026-05-11","81"
"MTN1","NA","3466170","USP","DSNU, BORE 25MM, STROKE 100MM, DOUBLE ACTING, LATERAL AIR,","01 HIGH","1804579","2.0","2026-05-11","81"
"MTN1","NA","3466191","USP","ROD COUPLER, M10X1.25, STEEL (","01 HIGH","1804579","2.0","2026-05-11","81"
"MTN1","NA","3466208","USP","BEARING SPACER; INNER; 20 ID X 27 OD X 5 THICK","01 HIGH","1804579","24.0","2026-05-11","81"
"MTN1","NA","3466223","USP","243TEETH 32 T5/1215","01 HIGH","1804579","2.0","2026-05-11","81"
"MTN1","NA","3466243","USP","LEFT HORIZONTAL SEAL BAR ASSY","01 HIGH","1804579","2.0","2026-05-11","81"
"MTN1","NA","3466248","USP","PRECISION LINEAR SHAFT, DIA 12","01 HIGH","1804579","2.0","2026-05-11","81"
"MTN1","NA","3466258","USP","LEFT VERTICAL SEAL BAR ASSY","01 HIGH","1804579","2.0","2026-05-11","81"
"MTN1","NA","3546294","USP","Kinetix VP Motor Cable, 4m","01 HIGH","1804579","1.0","2026-05-11","81"
"SYR1","NA","3022943","USP","HORIZONTAL REAR, POWERSONIC MATED M12 + LBO3K","01 HIGH","1804606","1.0","2026-05-11","81"
"SYR1","NA","3022945","USP","VERTICAL BOTTOM LOAD CELL","01 HIGH","1804607","1.0","2026-05-11","81"
"SYR1","NA","3022950","USP","HORIZONTAL FRONT, POWERSONIC MATED M12 + LBO3K","01 HIGH","1804605","1.0","2026-05-11","81"
"RIC4","NA","10076","USP","UNWIND DANCER ARM UNWIND SPRING","02 MED","1810163","1.0","2026-05-14","78"
"RIC4","NA","10095","USP","FLANGED BUSHING","02 MED","1810163","2.0","2026-05-14","78"
"EMA2","EU","132054","USP","ZEBRA - P1046696-146, EXTENDED LIFE DRIVE BELTS, ZE500/ZE511, HTC 8443.99.2550 C","02 MED","10680527","2.0","2026-05-19","73"
"EMA2","EU","3022987","USP","IO-LINK MASTER, ETHERNET/IP INTERFACE, TOTAL IN- AND OUTPUTS: 16, 4X 2A OUTPUTS","01 HIGH","10680527","3.0","2026-05-19","73"
"SHV1","NA","C-1304","EcoPac","SENSOR SMT-8M-A-PS-24V-E-0.3-N-M8D","01 HIGH","1818543","9.0","2026-05-21","71"
"AUS2","NA","3466191","USP","ROD COUPLER, M10X1.25, STEEL (","01 HIGH","1821105","1.0","2026-05-22","70"
"TYS1","NA","49346","USP","ZEBRA AIT PART KIT PLATEN, PINCH, & PEEL ROLLERS ZE521 RH & LH","02 MED","1820477","1.0","2026-05-22","70"
"ORF4","NA","3008731","URL","REWINDER_BACKING_PAPER_LH","02 MED","1822638","1.0","2026-05-25","67"
"SYR1","NA","3022956","USP","ROTATED CABLE EXIT VERTICAL LOAD CELL HOLDER BLOCK","01 HIGH","1822224","1.0","2026-05-25","67"
"BDL4","NA","3022978","USP","LIDAR SENSOR PICS150-01000 core 1","01 HIGH","1827141","1.0","2026-05-28","64"
"BDL4","NA","3043405","USP","SENSOR CABLE FEMALE 5-POLE M12 STRAIGHT A CODED TO OPEN END PUR BLACK 5M","02 MED","1827141","1.0","2026-05-28","64"
"TPA4","NA","3022950","USP","HORIZONTAL FRONT, POWERSONIC MATED M12 + LBO3K","01 HIGH","1828402","2.0","2026-05-29","63"
"DET6","NA","3022943","USP","HORIZONTAL REAR, POWERSONIC MATED M12 + LBO3K","01 HIGH","1832495","6.0","2026-06-02","59"
"DUS4","EU","3022987","USP","IO-LINK MASTER, ETHERNET/IP INTERFACE, TOTAL IN- AND OUTPUTS: 16, 4X 2A OUTPUTS","01 HIGH","10687859","3.0","2026-06-03","58"
"DUS4","EU","132054","USP","ZEBRA - P1046696-146, EXTENDED LIFE DRIVE BELTS, ZE500/ZE511, HTC 8443.99.2550 C","02 MED","10689017","2.0","2026-06-04","57"
"ORF4","NA","1116749","EcoPac","PHOTOCEL S45-PH-5-B03-PH","01 HIGH","1834521","1.0","2026-06-04","57"
"ORF4","NA","3037852","USP","LEFT HOR HEATER CABLE ASSY","01 HIGH","1835218","1.0","2026-06-04","57"
"BDL4","NA","3022961","USP","FRONT PLATE","01 HIGH","1835939","1.0","2026-06-05","56"
"BDL4","NA","3466144","USP","SERVO DRIVE","01 HIGH","1835939","1.0","2026-06-05","56"
"HOU6","NA","3022948","USP","FLAT HEAD SOCKET CAP SCREW","01 HIGH","1837017","1.0","2026-06-05","56"
"PDX8","NA","3464199","USP","SENSOR, FIBER OPTIC THIN ZERO SPACE, SIDE VIEW TYP","01 HIGH","1836253","1.0","2026-06-05","56"
"PVD2","NA","3022934","USP","SMC Shock Absorber, RBC1007, 46.7 mm Body Length, 63.7 mm Body Length, M10 x 1 Thread Size","01 HIGH","1840552","5.0","2026-06-09","52"
"PVD2","NA","3015435","USP","VERTICAL JAW CABLE MANAGEMENT BACKING PLATE","01 HIGH","1841930","1.0","2026-06-10","51"
"SCK6","NA","3022934","USP","SMC Shock Absorber, RBC1007, 46.7 mm Body Length, 63.7 mm Body Length, M10 x 1 Thread Size","01 HIGH","1844203","2.0","2026-06-11","50"
"SHV1","NA","92775","URL","SERIES 7000 21"" X 5.85' (22 ROWS) TRANSVERSE ROLLER V3 GREY ACETAL WITH BLACK POLYURETHANE AND ORANGE WEAR RESISTANT ACETAL ROLLER AND WHITE NYLON AXLE BOXED BELT WITH NATURAL ABRASION RESISTANT RODS","02 MED","1842949","2.0","2026-06-11","50"
"YYC4","NA","3022985","USP","ROTATED CABLE EXIT HORIZONTAL LOAD CELL HOLDER BLOCK","01 HIGH","1843795","2.0","2026-06-11","50"
"BWI2","NA","1116318","USP","ULTRASONIC SENSOR, PICO+","02 MED","1845111","2.0","2026-06-12","49"
"CLE3","NA","3039997","URL","SUCTION CUP","01 HIGH","1845373","100.0","2026-06-12","49"
"SHV1","NA","3129282","URL","Drive Motor","02 MED","1845564","2.0","2026-06-12","49"
"SYR1","NA","3022941","USP","VERTICAL TOP, POWERSONIC MATED M12 + LBO2K","01 HIGH","1844381","1.0","2026-06-12","49"
"OXR1","NA","1071516","USP","REPLACEMENT BELT – 18”W FOR CO","02 MED","1845905","2.0","2026-06-13","48"
"ORD5","NA","3022945","USP","VERTICAL BOTTOM LOAD CELL","01 HIGH","1848357","1.0","2026-06-16","45"
"ABQ1","NA","3464199","USP","SENSOR, FIBER OPTIC THIN ZERO SPACE, SIDE VIEW TYP","02 MED","1851079","1.0","2026-06-17","44"
"AKC1","NA","3466258","USP","LEFT VERTICAL SEAL BAR ASSY","01 HIGH","1850423","2.0","2026-06-17","44"
"BOS3","NA","3022970","USP","CUTTING KNIFE ASSEMBLY","01 HIGH","1850850","10.0","2026-06-17","44"
"BOS3","NA","3022978","USP","LIDAR SENSOR PICS150-01000 core 1","01 HIGH","1850843","1.0","2026-06-17","44"
"BOS3","NA","3466138","USP","VERTICAL VPL SERIES, FRAME SIZE 100MM, T WINDING, RATED SPEED 7200-80","01 HIGH","1850843","1.0","2026-06-17","44"
"BOS3","NA","3466140","USP","KINETIX VP LOW INERTIA MOTOR,","01 HIGH","1850843","1.0","2026-06-17","44"
"BOS3","NA","3466243","USP","LEFT HORIZONTAL SEAL BAR ASSY","01 HIGH","1850843","1.0","2026-06-17","44"
"DAB2","NA","3043423","USP","FUSE,5 AMP,250V","02 MED","1850393","4.0","2026-06-17","44"
"PDX8","NA","3361381","USP","Fork sensor","01 HIGH","1850131","1.0","2026-06-17","44"
"SAV4","NA","3022945","USP","VERTICAL BOTTOM LOAD CELL","01 HIGH","1850966","2.0","2026-06-17","44"
"SAV4","NA","3022970","USP","CUTTING KNIFE ASSEMBLY","01 HIGH","1850966","6.0","2026-06-17","44"
"SAV4","NA","3022983","USP","RIGHT ISOLATOR PLATE","01 HIGH","1850966","1.0","2026-06-17","44"
"SAV4","NA","3466243","USP","LEFT HORIZONTAL SEAL BAR ASSY","01 HIGH","1850966","1.0","2026-06-17","44"
"SAV4","NA","3466258","USP","LEFT VERTICAL SEAL BAR ASSY","01 HIGH","1850966","1.0","2026-06-17","44"
"SHV1","NA","3008729","URL","Oldham coupling disk","02 MED","1851033","9.0","2026-06-17","44"
"SHV1","NA","3022982","USP","LEFT ISOLATOR PLATE","01 HIGH","1851036","2.0","2026-06-17","44"
"YHM1","NA","3466132","USP","PNUEMATIC FITTING","01 HIGH","1850264","1.0","2026-06-17","44"
"AGS1","NA","3029777","USP","Ring, Centering sleeve ZBH-7-B","01 HIGH","1852527","2.0","2026-06-18","43"
"AGS1","NA","3032133","USP","COMPRESSION SPRING T=1.4 OD=20 ID=17","01 HIGH","1852527","8.0","2026-06-18","43"
"ELP1","NA","3022934","USP","SMC Shock Absorber, RBC1007, 46.7 mm Body Length, 63.7 mm Body Length, M10 x 1 Thread Size","02 MED","1852446","16.0","2026-06-18","43"
"RIC4","NA","3022978","USP","LIDAR SENSOR PICS150-01000 core 1","01 HIGH","1852262","1.0","2026-06-18","43"
"SCK6","NA","3022981","USP","UNDER JAW BULK HEAD PLATE","01 HIGH","1852365","1.0","2026-06-18","43"
"AUS2","NA","3466248","USP","PRECISION LINEAR SHAFT, DIA 12","01 HIGH","1854018","2.0","2026-06-19","42"
"SBD6","NA","1061778","USP","RT-B1221","02 MED","1854325","1.0","2026-06-19","42"
"SYR1","NA","3015434","USP","SWIVEL GRIPPER HEAD","01 HIGH","1853213","5.0","2026-06-19","42"
"SYR1","NA","3029777","USP","Ring, Centering sleeve ZBH-7-B","01 HIGH","1853233","2.0","2026-06-19","42"
"SYR1","NA","3032133","USP","COMPRESSION SPRING T=1.4 OD=20 ID=17","01 HIGH","1853233","2.0","2026-06-19","42"
"SYR1","NA","3033957","USP","Ring, Centering sleeve ZBH-5-B","01 HIGH","1853233","2.0","2026-06-19","42"
"SYR1","NA","3037850","USP","ZIP TIES, STANDARD","01 HIGH","1853233","1.0","2026-06-19","42"
"SYR1","NA","3043376","USP","ZLD18-BFZ4B8 SIMPLE SENSE","01 HIGH","1853233","2.0","2026-06-19","42"
"SYR1","NA","3043407","USP","SICK IME2S Series Non-Flush Inductive Non-Contact Safety Switch, 24V dc, Nickel Plated Brass Housing, 2NO, M12","01 HIGH","1853233","2.0","2026-06-19","42"
"SYR1","NA","3466145","USP","RIGHT HORIZONTAL SEAL BAR ASSY","01 HIGH","1853256","1.0","2026-06-19","42"
"SYR1","NA","3546294","USP","Kinetix VP Motor Cable, 4m","01 HIGH","1853233","1.0","2026-06-19","42"
"SYR1","NA","94998","USP","CYLINDER, ISO, PROX, X100MM, DA, MAG C03","02 MED","1853233","1.0","2026-06-19","42"
"MQY1","NA","3466248","USP","PRECISION LINEAR SHAFT, DIA 12","02 MED","1856486","2.0","2026-06-22","39"
"TYS1","NA","3466248","USP","PRECISION LINEAR SHAFT, DIA 12","01 HIGH","1855367","1.0","2026-06-22","39"
"DAB2","NA","3466144","USP","SERVO DRIVE","01 HIGH","1857080","1.0","2026-06-23","38"
"DEN4","NA","3022934","USP","SMC Shock Absorber, RBC1007, 46.7 mm Body Length, 63.7 mm Body Length, M10 x 1 Thread Size","01 HIGH","1858530","6.0","2026-06-23","38"
"ELP1","NA","3022941","USP","VERTICAL TOP, POWERSONIC MATED M12 + LBO2K","02 MED","1857362","2.0","2026-06-23","38"
"ORD5","NA","3015435","USP","VERTICAL JAW CABLE MANAGEMENT BACKING PLATE","01 HIGH","1858357","1.0","2026-06-23","38"
"OXR1","NA","1004322","USP","PUSHBUTTON METAL LATCH","02 MED","1858554","5.0","2026-06-23","38"
"SHV1","NA","C-3766","EcoPac","PHOTOCEL S45-PH-5-B03-PH","01 HIGH","1858201","1.0","2026-06-23","38"
"SYR1","NA","3022967","USP","ZIP TIES, STANDARD","01 HIGH","1857681","1.0","2026-06-23","38"
"SYR1","NA","3022976","USP","FLAT HEAD SOCKET CAP SCREW","01 HIGH","1857229","2.0","2026-06-23","38"
"SYR1","NA","3029778","USP","CABLE, NIP ROLLER MOTOR SERVO","01 HIGH","1857681","1.0","2026-06-23","38"
"SYR1","NA","49346","USP","ZEBRA AIT PART KIT PLATEN, PINCH, & PEEL ROLLERS ZE521 RH & LH","01 HIGH","1857681","2.0","2026-06-23","38"
"SAV4","NA","3022982","USP","LEFT ISOLATOR PLATE","01 HIGH","1858903","1.0","2026-06-24","37"
"SHV1","NA","3055556","URL","UL 489 CIRCUIT BREAKER, 2A, 1 POLE, CURVE C, 10KAIC @ 480/277VAC","02 MED","1858794","1.0","2026-06-24","37"
"SHV1","NA","N38334","EcoPac","SAFETY D/O MODULE, POINT I/O, 24VDC, 8PTS","02 MED","1858794","2.0","2026-06-24","37"
"ABQ1","NA","3022978","USP","LIDAR SENSOR PICS150-01000 core 1","01 HIGH","1861590","1.0","2026-06-25","36"
"MLI1","NA","10043","USP","PLC, CONTROLLER,PROGRAMMABLE:2-1/2 INHT,3-1/2 INWD,1-1/2 INDP,24 V DCVOLT,2.6 MACURRE","02 MED","1861458","1.0","2026-06-25","36"
"SAN3","NA","3022934","USP","SMC Shock Absorber, RBC1007, 46.7 mm Body Length, 63.7 mm Body Length, M10 x 1 Thread Size","01 HIGH","1861613","2.0","2026-06-25","36"
"BOS3","NA","49345","USP","ZEBRA AIT PART KIT PRINTHEAD 300 DPI ZE521 RH & LH","02 MED","1862286","11.0","2026-06-26","35"
"FSD1","NA","3466132","USP","PNUEMATIC FITTING","01 HIGH","1862265","1.0","2026-06-26","35"
"FSD1","NA","72902","USP","kit,motor assy, high speed...","01 HIGH","1862265","1.0","2026-06-26","35"
"HOU6","NA","3464199","USP","SENSOR, FIBER OPTIC THIN ZERO SPACE, SIDE VIEW TYP","01 HIGH","1862940","1.0","2026-06-26","35"
"SAN3","NA","3466147","USP","COMPACT CYLINDER ADN-32-25-I-P-A-S2","01 HIGH","1863675","2.0","2026-06-27","34"
"SBD6","NA","3022970","USP","CUTTING KNIFE ASSEMBLY","01 HIGH","1863788","3.0","2026-06-27","34"
"CLE3","NA","3524441","EcoPac","STAFFA SMBR  8-8","01 HIGH","1863914","6.0","2026-06-28","33"
"BDL4","NA","N24793","USP","Slim Electromechanical Relay, SPDT, 6A,24VDC, PCB Terminal, 34 Series","01 HIGH","1863998","3.0","2026-06-29","32"
"PAE2","NA","3466132","USP","PNUEMATIC FITTING","01 HIGH","1864467","1.0","2026-06-29","32"
"PDX8","NA","3466127","USP","SCANNER,BARCODE:DM363 SMARTPACK PRESENTATION READER","01 HIGH","1864329","1.0","2026-06-29","32"
"SCK6","NA","49346","USP","ZEBRA AIT PART KIT PLATEN, PINCH, & PEEL ROLLERS ZE521 RH & LH","01 HIGH","1864208","1.0","2026-06-29","32"
"IGQ1","NA","3031139","USP","RIGHT HORIZONTAL HEATER CABLE","01 HIGH","1866773","1.0","2026-06-30","31"
"AGS1","NA","1004322","USP","PUSHBUTTON METAL LATCH","01 HIGH","1868160","1.0","2026-07-01","30"
"CLE3","NA","C-2348","EcoPac","PHOTOCEL S45-PH-5-B03-PH","01 HIGH","1868060","4.0","2026-07-01","30"
"IGQ1","NA","3466147","USP","COMPACT CYLINDER ADN-32-25-I-P-A-S2","01 HIGH","1868144","1.0","2026-07-01","30"
"ORD5","NA","11519","USP","Zebra Kit Maint Door Open Swch RH/LH","02 MED","1868111","1.0","2026-07-01","30"
"AKC1","NA","3022934","USP","SMC Shock Absorber, RBC1007, 46.7 mm Body Length, 63.7 mm Body Length, M10 x 1 Thread Size","01 HIGH","1869314","2.0","2026-07-02","29"
"DAB2","NA","3022951","USP","RTD, PT100, DIA 3MM, L 18MM, 3","01 HIGH","1869553","1.0","2026-07-02","29"
"DAB2","NA","3022969","USP","VERTICAL CARTRIDGE HEATER","01 HIGH","1869553","1.0","2026-07-02","29"
"DAB2","NA","3466134","USP","ROLLING BEARING  61802-2RS1","01 HIGH","1869553","22.0","2026-07-02","29"
"GEG1","NA","1004322","USP","PUSHBUTTON METAL LATCH","02 MED","1869661","14.0","2026-07-02","29"
"IGQ1","NA","3466127","USP","SCANNER,BARCODE:DM363 SMARTPACK PRESENTATION READER","01 HIGH","1869748","1.0","2026-07-02","29"
"PVD2","NA","1060925","USP","RING-GRIP QUICK-RELEASE PIN","02 MED","1868619","8.0","2026-07-02","29"
"MTN1","NA","49345","USP","ZEBRA AIT PART KIT PRINTHEAD 300 DPI ZE521 RH & LH","01 HIGH","1871032","1.0","2026-07-03","28"
"ORF3","NA","3464199","USP","SENSOR, FIBER OPTIC THIN ZERO SPACE, SIDE VIEW TYP","02 MED","1870826","3.0","2026-07-03","28"
"ORF4","NA","3020087","URL","ROLLER_DRIVE","02 MED","1870864","1.0","2026-07-03","28"
"ORF4","NA","3051070","URL","MT11071, SPRING","02 MED","1870864","1.0","2026-07-03","28"
"ORF4","NA","3129312","URL","ILLUMINATED ESTOP STATION","02 MED","1870864","1.0","2026-07-03","28"
"ORF4","NA","3129347","URL","SWITCHING AUTOMATION LIGHT GRIDS SLG-2 (SLG10S-010SBR21D40)","02 MED","1870864","1.0","2026-07-03","28"
"ORF4","NA","3288498","URL","Conveyor Belt","02 MED","1870864","1.0","2026-07-03","28"
"ORF4","NA","3288499","URL","TT End Roller","02 MED","1870864","2.0","2026-07-03","28"
"ORF4","NA","3288502","URL","RJ45 INDUSTRIAL PLUG 09451511100","02 MED","1870864","1.0","2026-07-03","28"
"ORF4","NA","3288503","URL","Drive Roller Bearing","02 MED","1870864","1.0","2026-07-03","28"
"SCK6","NA","3022945","USP","VERTICAL BOTTOM LOAD CELL","01 HIGH","1870223","1.0","2026-07-03","28"
"YXU1","NA","1061778","USP","RT-B1221","01 HIGH","1870482","2.0","2026-07-03","28"
"BOS3","NA","3466191","USP","ROD COUPLER, M10X1.25, STEEL (","01 HIGH","1872334","2.0","2026-07-06","25"
"DET6","NA","3043423","USP","FUSE,5 AMP,250V","01 HIGH","1872640","2.0","2026-07-06","25"
"SAT3","NA","3022934","USP","SMC Shock Absorber, RBC1007, 46.7 mm Body Length, 63.7 mm Body Length, M10 x 1 Thread Size","01 HIGH","1872031","4.0","2026-07-06","25"
"SYR1","NA","3022934","USP","SMC Shock Absorber, RBC1007, 46.7 mm Body Length, 63.7 mm Body Length, M10 x 1 Thread Size","01 HIGH","1871879","1.0","2026-07-06","25"
"CLE3","NA","3288498","URL","Conveyor Belt","01 HIGH","1874421","1.0","2026-07-07","24"
"PDX8","NA","3022971","USP","FAST CONNECTION-PEG","01 HIGH","1873485","1.0","2026-07-07","24"
"SAN3","NA","3466149","USP","PIVOT BLOCK","01 HIGH","1874362","2.0","2026-07-07","24"
"SAT3","NA","3022978","USP","LIDAR SENSOR PICS150-01000 core 1","01 HIGH","1874432","1.0","2026-07-07","24"
"SAT3","NA","3466258","USP","LEFT VERTICAL SEAL BAR ASSY","01 HIGH","1873402","1.0","2026-07-07","24"
"SHV1","NA","3040797","EcoPac","SHARE 400X28X8","02 MED","1873473","1.0","2026-07-07","24"
"BDL4","NA","3037848","USP","LEFT VER HEATER CABLE ASSY","01 HIGH","1874502","1.0","2026-07-08","23"
"BDL4","NA","3037852","USP","LEFT HOR HEATER CABLE ASSY","01 HIGH","1874502","1.0","2026-07-08","23"
"MQY1","NA","3029777","USP","Ring, Centering sleeve ZBH-7-B","01 HIGH","1874542","2.0","2026-07-08","23"
"MQY1","NA","3029778","USP","CABLE, NIP ROLLER MOTOR SERVO","01 HIGH","1874542","1.0","2026-07-08","23"
"MQY1","NA","3033957","USP","Ring, Centering sleeve ZBH-5-B","01 HIGH","1874542","3.0","2026-07-08","23"
"MQY1","NA","3037851","USP","ALTERNATE PLASTIC P-CLIP (MUST DRILL MOUNTING HOLE TO M6)","01 HIGH","1874542","2.0","2026-07-08","23"
"MQY1","NA","3464199","USP","SENSOR, FIBER OPTIC THIN ZERO SPACE, SIDE VIEW TYP","02 MED","1874542","4.0","2026-07-08","23"
"MQY1","NA","3546294","USP","Kinetix VP Motor Cable, 4m","01 HIGH","1874542","1.0","2026-07-08","23"
"MQY1","NA","94998","USP","CYLINDER, ISO, PROX, X100MM, DA, MAG C03","02 MED","1874542","1.0","2026-07-08","23"
"RIC4","NA","3022948","USP","FLAT HEAD SOCKET CAP SCREW","01 HIGH","1875467","1.0","2026-07-08","23"
"RIC4","NA","3022970","USP","CUTTING KNIFE ASSEMBLY","01 HIGH","1875467","11.0","2026-07-08","23"
"RIC4","NA","3466149","USP","PIVOT BLOCK","01 HIGH","1875467","2.0","2026-07-08","23"
"SYR1","NA","3466248","USP","PRECISION LINEAR SHAFT, DIA 12","01 HIGH","1874564","2.0","2026-07-08","23"
"TLH2","NA","3022934","USP","SMC Shock Absorber, RBC1007, 46.7 mm Body Length, 63.7 mm Body Length, M10 x 1 Thread Size","01 HIGH","1875506","10.0","2026-07-08","23"
"ORF4","NA","C-3765","EcoPac","PHOTOCEL S45-PH-5-B03-PH","01 HIGH","1876069","1.0","2026-07-09","22"
"OXR1","NA","3022970","USP","CUTTING KNIFE ASSEMBLY","01 HIGH","1876295","1.0","2026-07-09","22"
"YXU1","NA","3022934","USP","SMC Shock Absorber, RBC1007, 46.7 mm Body Length, 63.7 mm Body Length, M10 x 1 Thread Size","01 HIGH","1878604","5.0","2026-07-10","21"
"SAT3","NA","3037848","USP","LEFT VER HEATER CABLE ASSY","01 HIGH","1879281","1.0","2026-07-11","20"
"DET6","NA","10683","USP","WHEEL, WHEEL: LOAD ASSEMBLY","01 HIGH","1879476","3.0","2026-07-12","19"
"CLE3","NA","3524442","EcoPac","VALVOLA OBLIQUA  VZXF-L-M22C-M-A","01 HIGH","1880455","7.0","2026-07-13","18"
"ORF4","NA","3129289","URL","O RING, 10026407 BS1806-020 VMQ70","02 MED","1880810","800.0","2026-07-13","18"
"POZ2","EU","3022982","USP","LEFT ISOLATOR PLATE","01 HIGH","10710254","1.0","2026-07-13","18"
"SHV1","NA","3022941","USP","VERTICAL TOP, POWERSONIC MATED M12 + LBO2K","01 HIGH","1879603","1.0","2026-07-13","18"
"TYS1","NA","3037848","USP","LEFT VER HEATER CABLE ASSY","01 HIGH","1879678","1.0","2026-07-13","18"
"TYS1","NA","72902","USP","kit,motor assy, high speed...","02 MED","1879678","1.0","2026-07-13","18"
"DEN4","NA","3022982","USP","LEFT ISOLATOR PLATE","01 HIGH","1881562","2.0","2026-07-14","17"
"ELP1","NA","3022978","USP","LIDAR SENSOR PICS150-01000 core 1","02 MED","1881443","1.0","2026-07-14","17"
"PVD2","NA","3043405","USP","SENSOR CABLE FEMALE 5-POLE M12 STRAIGHT A CODED TO OPEN END PUR BLACK 5M","01 HIGH","1881951","1.0","2026-07-14","17"
"SCK6","NA","2066701","USP","ROLLER, MOVING DRAW ROLLER (SMART PAC)","02 MED","1881668","1.0","2026-07-14","17"
"SCK6","NA","3022941","USP","VERTICAL TOP, POWERSONIC MATED M12 + LBO2K","01 HIGH","1881668","1.0","2026-07-14","17"
"SCK6","NA","3022976","USP","FLAT HEAD SOCKET CAP SCREW","01 HIGH","1881668","2.0","2026-07-14","17"
"NCL1","EU","3022934","USP","SMC Shock Absorber, RBC1007, 46.7 mm Body Length, 63.7 mm Body Length, M10 x 1 Thread Size","01 HIGH","10712038","7.0","2026-07-15","16"
"NCL1","EU","3022970","USP","CUTTING KNIFE ASSEMBLY","01 HIGH","10712038","2.0","2026-07-15","16"
"NCL1","EU","3022983","USP","RIGHT ISOLATOR PLATE","01 HIGH","10712038","1.0","2026-07-15","16"
"ORF4","NA","3022934","USP","SMC Shock Absorber, RBC1007, 46.7 mm Body Length, 63.7 mm Body Length, M10 x 1 Thread Size","01 HIGH","1882669","1.0","2026-07-15","16"
"YXU1","NA","11409","USP","TAMPA","02 MED","1883423","1.0","2026-07-15","16"
"ABQ1","NA","49346","USP","ZEBRA AIT PART KIT PLATEN, PINCH, & PEEL ROLLERS ZE521 RH & LH","02 MED","1885242","1.0","2026-07-16","15"
"DAB2","NA","72902","USP","kit,motor assy, high speed...","02 MED","1884305","1.0","2026-07-16","15"
"MQY1","NA","3032133","USP","COMPRESSION SPRING T=1.4 OD=20 ID=17","01 HIGH","1884208","20.0","2026-07-16","15"
"ORF4","NA","C-3779","EcoPac","SHAFT D 25X696","01 HIGH","1885286","1.0","2026-07-16","15"
"PVD2","NA","49345","USP","ZEBRA AIT PART KIT PRINTHEAD 300 DPI ZE521 RH & LH","02 MED","1884636","20.0","2026-07-16","15"
"RIC4","NA","3466138","USP","VERTICAL VPL SERIES, FRAME SIZE 100MM, T WINDING, RATED SPEED 7200-80","01 HIGH","1884510","2.0","2026-07-16","15"
"RIC4","NA","49344","USP","Zebra ZE52163-R010000Z Print Engine","02 MED","1884330","1.0","2026-07-16","15"
"SBD6","NA","3022941","USP","VERTICAL TOP, POWERSONIC MATED M12 + LBO2K","01 HIGH","1884650","1.0","2026-07-16","15"
"SHV1","NA","3076039","EcoPac","BELT, SW125 00+01 BLACK,  37"" WIDE, OPEN ROLL","01 HIGH","1883876","100.0","2026-07-16","15"
"SHV1","NA","3076043","EcoPac","BELT, SW125 00+01 BLACK,  39"" WIDE, OPEN ROLL","01 HIGH","1883876","100.0","2026-07-16","15"
"TLH2","NA","3037850","USP","ZIP TIES, STANDARD","01 HIGH","1885013","1.0","2026-07-16","15"
"TPA4","NA","3043407","USP","SICK IME2S Series Non-Flush Inductive Non-Contact Safety Switch, 24V dc, Nickel Plated Brass Housing, 2NO, M12","01 HIGH","1884941","1.0","2026-07-16","15"
"AUS2","NA","3022951","USP","RTD, PT100, DIA 3MM, L 18MM, 3","01 HIGH","1886465","1.0","2026-07-17","14"
"AUS2","NA","3466147","USP","COMPACT CYLINDER ADN-32-25-I-P-A-S2","01 HIGH","1886465","1.0","2026-07-17","14"
"EMA2","EU","72902","USP","kit,motor assy, high speed...","01 HIGH","10713255","1.0","2026-07-17","14"
"MLI1","NA","3464199","USP","SENSOR, FIBER OPTIC THIN ZERO SPACE, SIDE VIEW TYP","03 LOW","1886157","1.0","2026-07-17","14"
"ORF3","NA","3466258","USP","LEFT VERTICAL SEAL BAR ASSY","01 HIGH","1886409","2.0","2026-07-17","14"
"SAT3","NA","3029777","USP","Ring, Centering sleeve ZBH-7-B","01 HIGH","1885531","2.0","2026-07-17","14"
"SAT3","NA","3029778","USP","CABLE, NIP ROLLER MOTOR SERVO","01 HIGH","1885531","1.0","2026-07-17","14"
"SAT3","NA","3032133","USP","COMPRESSION SPRING T=1.4 OD=20 ID=17","01 HIGH","1885531","12.0","2026-07-17","14"
"SAT3","NA","3033957","USP","Ring, Centering sleeve ZBH-5-B","01 HIGH","1885531","3.0","2026-07-17","14"
"SAT3","NA","3037851","USP","ALTERNATE PLASTIC P-CLIP (MUST DRILL MOUNTING HOLE TO M6)","01 HIGH","1885531","2.0","2026-07-17","14"
"SAT3","NA","3546294","USP","Kinetix VP Motor Cable, 4m","01 HIGH","1885531","1.0","2026-07-17","14"
"TPA4","NA","3022940","USP","VERTICAL JAW CABLE MANAGEMENT BACKING PLATE","01 HIGH","1886277","1.0","2026-07-17","14"
"TPA4","NA","3022942","USP","CLAMP, LOOP NYLON 7/8"" X 1 1/2","01 HIGH","1886277","1.0","2026-07-17","14"
"TPA4","NA","3022958","USP","DIVERT PLATE, TOP","01 HIGH","1886277","1.0","2026-07-17","14"
"TPA4","NA","3029778","USP","CABLE, NIP ROLLER MOTOR SERVO","01 HIGH","1886277","1.0","2026-07-17","14"
"TPA4","NA","3032133","USP","COMPRESSION SPRING T=1.4 OD=20 ID=17","01 HIGH","1886277","8.0","2026-07-17","14"
"TPA4","NA","3208459","USP","FIELD ATTACHABLE CONNECTOR","01 HIGH","1886277","1.0","2026-07-17","14"
"TPA4","NA","3466147","USP","COMPACT CYLINDER ADN-32-25-I-P-A-S2","01 HIGH","1886277","1.0","2026-07-17","14"
"TYS1","NA","3464199","USP","SENSOR, FIBER OPTIC THIN ZERO SPACE, SIDE VIEW TYP","01 HIGH","1885546","1.0","2026-07-17","14"
"YYC4","NA","3022934","USP","SMC Shock Absorber, RBC1007, 46.7 mm Body Length, 63.7 mm Body Length, M10 x 1 Thread Size","01 HIGH","1886471","2.0","2026-07-17","14"
"ABQ1","NA","3022940","USP","VERTICAL JAW CABLE MANAGEMENT BACKING PLATE","01 HIGH","1888848","2.0","2026-07-20","11"
"ABQ1","NA","3022942","USP","CLAMP, LOOP NYLON 7/8"" X 1 1/2","01 HIGH","1888848","3.0","2026-07-20","11"
"ABQ1","NA","3022958","USP","DIVERT PLATE, TOP","01 HIGH","1888848","2.0","2026-07-20","11"
"ABQ1","NA","3022970","USP","CUTTING KNIFE ASSEMBLY","01 HIGH","1888848","17.0","2026-07-20","11"
"ABQ1","NA","3466153","USP","RIGHT VERTICAL SEAL BAR ASSY","01 HIGH","1888848","1.0","2026-07-20","11"
"ABQ1","NA","3466170","USP","DSNU, BORE 25MM, STROKE 100MM, DOUBLE ACTING, LATERAL AIR,","01 HIGH","1888848","1.0","2026-07-20","11"
"AGS1","NA","3022945","USP","VERTICAL BOTTOM LOAD CELL","01 HIGH","1887540","2.0","2026-07-20","11"
"HOU6","NA","3022934","USP","SMC Shock Absorber, RBC1007, 46.7 mm Body Length, 63.7 mm Body Length, M10 x 1 Thread Size","01 HIGH","1888628","8.0","2026-07-20","11"
"HOU6","NA","3022941","USP","VERTICAL TOP, POWERSONIC MATED M12 + LBO2K","01 HIGH","1888628","1.0","2026-07-20","11"
"HOU6","NA","49225","USP","HEX HEAD CAP SCREW  CTM PM-FAHHSS50557","03 LOW","1888626","1.0","2026-07-20","11"
"IGQ1","NA","49346","USP","ZEBRA AIT PART KIT PLATEN, PINCH, & PEEL ROLLERS ZE521 RH & LH","01 HIGH","1887763","1.0","2026-07-20","11"
"PDX8","NA","3466132","USP","PNUEMATIC FITTING","01 HIGH","1887967","1.0","2026-07-20","11"
"SHV1","NA","49345","USP","ZEBRA AIT PART KIT PRINTHEAD 300 DPI ZE521 RH & LH","02 MED","1887547","3.0","2026-07-20","11"
"TLH2","NA","3466258","USP","LEFT VERTICAL SEAL BAR ASSY","01 HIGH","1888537","1.0","2026-07-20","11"
"MQY1","NA","3022945","USP","VERTICAL BOTTOM LOAD CELL","01 HIGH","1890268","1.0","2026-07-21","10"
"ORF4","NA","2031551","URL","Zebra ZE511 print head 300dpi ZE511 RH&L","02 MED","1889595","1.0","2026-07-21","10"
"ORF4","NA","C-3766","EcoPac","PHOTOCEL S45-PH-5-B03-PH","01 HIGH","1889247","1.0","2026-07-21","10"
"OXR1","NA","3043423","USP","FUSE,5 AMP,250V","02 MED","1889299","1.0","2026-07-21","10"
"OXR1","NA","49960","USP","MDC100-050101 DRIVE","02 MED","1889299","1.0","2026-07-21","10"
"RIC4","NA","3466144","USP","SERVO DRIVE","01 HIGH","1889408","1.0","2026-07-21","10"
"SYR1","NA","3022971","USP","FAST CONNECTION-PEG","01 HIGH","1889268","3.0","2026-07-21","10"
"SYR1","NA","3022978","USP","LIDAR SENSOR PICS150-01000 core 1","01 HIGH","1889533","1.0","2026-07-21","10"
"SYR1","NA","3037851","USP","ALTERNATE PLASTIC P-CLIP (MUST DRILL MOUNTING HOLE TO M6)","01 HIGH","1889268","1.0","2026-07-21","10"
"SYR1","NA","3466127","USP","SCANNER,BARCODE:DM363 SMARTPACK PRESENTATION READER","01 HIGH","1889529","2.0","2026-07-21","10"
"SYR1","NA","3466153","USP","RIGHT VERTICAL SEAL BAR ASSY","01 HIGH","1889524","1.0","2026-07-21","10"
"SYR1","NA","3466258","USP","LEFT VERTICAL SEAL BAR ASSY","01 HIGH","1889529","1.0","2026-07-21","10"
"YYC4","NA","3037848","USP","LEFT VER HEATER CABLE ASSY","01 HIGH","1889513","1.0","2026-07-21","10"
"BDL4","NA","49345","USP","ZEBRA AIT PART KIT PRINTHEAD 300 DPI ZE521 RH & LH","01 HIGH","1890561","1.0","2026-07-22","9"
"BOS3","NA","3022932","USP","SENSOR FLAG PIN, USP TRIGGER GATE","01 HIGH","1891150","2.0","2026-07-22","9"
"BOS3","NA","3022938","USP","CAPTIVE SCREW RETAINER","01 HIGH","1891150","2.0","2026-07-22","9"
"BOS3","NA","3022956","USP","ROTATED CABLE EXIT VERTICAL LOAD CELL HOLDER BLOCK","01 HIGH","1891150","2.0","2026-07-22","9"
"BOS3","NA","3361381","USP","Fork sensor","01 HIGH","1891150","2.0","2026-07-22","9"
"BOS3","NA","3466170","USP","DSNU, BORE 25MM, STROKE 100MM, DOUBLE ACTING, LATERAL AIR,","01 HIGH","1891150","1.0","2026-07-22","9"
"GEG1","NA","3022934","USP","SMC Shock Absorber, RBC1007, 46.7 mm Body Length, 63.7 mm Body Length, M10 x 1 Thread Size","01 HIGH","1891942","4.0","2026-07-22","9"
"BOS3","NA","10076","USP","UNWIND DANCER ARM UNWIND SPRING","02 MED","1893125","1.0","2026-07-23","8"
"BOS3","NA","3466258","USP","LEFT VERTICAL SEAL BAR ASSY","01 HIGH","1892457","1.0","2026-07-23","8"
"CLE3","NA","C-1049","EcoPac","PHOTOCEL S45-PH-5-B03-PH","02 MED","1892119","2.0","2026-07-23","8"
"DET6","NA","1060925","USP","RING-GRIP QUICK-RELEASE PIN","01 HIGH","1893393","1.0","2026-07-23","8"
"DET6","NA","3015434","USP","SWIVEL GRIPPER HEAD","01 HIGH","1893393","1.0","2026-07-23","8"
"DET6","NA","3022945","USP","VERTICAL BOTTOM LOAD CELL","01 HIGH","1893393","1.0","2026-07-23","8"
"DET6","NA","3037848","USP","LEFT VER HEATER CABLE ASSY","01 HIGH","1893393","1.0","2026-07-23","8"
"DET6","NA","3466258","USP","LEFT VERTICAL SEAL BAR ASSY","01 HIGH","1893393","1.0","2026-07-23","8"
"LUK2","NA","3022982","USP","LEFT ISOLATOR PLATE","01 HIGH","1893481","2.0","2026-07-23","8"
"MLI1","NA","3466191","USP","ROD COUPLER, M10X1.25, STEEL (","02 MED","1892768","1.0","2026-07-23","8"
